{"cameraMode":{"drawMode":0,"name":"Shaded","section":"Shading Mode"},"sceneLighting":false,"audioPlay":false,"sceneViewState":{"showFog":true,"showMaterialUpdate":false,"showSkybox":false,"showFlares":true,"showImageEffects":true,"showParticleSystems":true},"in2DMode":false,"pivot":{"x":9.839027404785157,"y":17.172401428222658,"z":19.40758514404297},"rotation":{"x":-0.3684930205345154,"y":0.006972136441618204,"z":-0.002763735828921199,"w":-0.9296002984046936},"size":143.8976287841797,"orthographic":false}