{"cameraMode":{"drawMode":0,"name":"Shaded","section":"Shading Mode"},"sceneLighting":false,"audioPlay":false,"sceneViewState":{"showFog":true,"showMaterialUpdate":false,"showSkybox":false,"showFlares":true,"showImageEffects":true,"showParticleSystems":true},"in2DMode":false,"pivot":{"x":0.0,"y":2.4200000762939455,"z":9.34000015258789},"rotation":{"x":-0.5678532123565674,"y":-0.0024693820159882309,"z":0.0017035675700753928,"w":-0.8231244087219238},"size":15.284845352172852,"orthographic":false}